post,question,response
"Post: I feel like I'm stuck in a loop that I can't escape. Every day feels the same, and no matter what I do, I can't seem to break free. I wake up, go to work, come home, and just sit in silence. I used to enjoy my hobbies, but now even the thought of doing them feels exhausting. I don't feel like I have the energy to do anything anymore. I just want to sleep all the time, but even then, I don't feel rested. I don't know how to explain it, but it's like I'm constantly carrying this heavy weight on my chest. I don't even know why I'm writing this. I guess I just need to say something, even if it's to strangers on the internet.","Question: The answer to the question \Does the poster suffer from depression?\"" is""","yes. Reasoning: The post exhibits several emotional indicators of depression. The poster describes feeling stuck in a repetitive and unfulfilling routine, which suggests a lack of interest or pleasure in daily activities, a key symptom of depression. They also mention feeling constantly exhausted and carrying a heavy weight on their chest, which could indicate physical manifestations of emotional distress. The overall tone of the post conveys a sense of hopelessness and fatigue, which are common symptoms of depression. The poster's desire to express their feelings, even to strangers, further highlights their emotional pain and need for support."

"Post: I don't know why, but I feel so empty all the time. It's like there's this void inside me that nothing can fill. I've tried everything—hobbies, friends, work—but nothing seems to make me feel better. I just feel numb, like I'm going through the motions of life without really living. I don't even know what I'm supposed to be feeling anymore. I just want to feel something, anything, but I can't. It's like I'm stuck in this fog, and I can't find my way out. I don't know what to do anymore.","Question: The answer to the question \Does the poster suffer from depression?\"" is""","yes. Reasoning: The post conveys a deep sense of emotional numbness and emptiness, which are common symptoms of depression. The poster describes feeling like they are going through the motions of life without truly experiencing it, indicating a lack of interest or pleasure in activities they once enjoyed. The mention of feeling stuck in a fog and unable to find a way out suggests a sense of hopelessness and confusion, further aligning with symptoms of depression. The overall tone of the post reflects a profound sense of despair and a desire to feel something, indicating a significant level of emotional distress."

"Post: I keep having these thoughts that I can't shake. They're always there, in the back of my mind, telling me that I'm not good enough, that I'll never be good enough. I try to push them away, but they just keep coming back. It's like I'm constantly fighting with myself, and I'm so tired of it. I just want to be at peace, but I don't know how. I feel like I'm drowning, and no matter how hard I try, I can't seem to come up for air. I don't know what to do anymore.","Question: The answer to the question \Does the poster suffer from depression?\"" is""","yes. Reasoning: The post exhibits strong emotional indicators of depression, particularly in the form of negative self-talk and feelings of inadequacy. The poster describes a constant internal struggle with thoughts of not being good enough, which suggests a lack of self-esteem and self-worth, common symptoms of depression. The mention of feeling like they are drowning and unable to find peace indicates a sense of hopelessness and emotional exhaustion. The overall tone of the post reflects a significant level of emotional distress and a desire for relief, which aligns with symptoms commonly associated with depression."

"Post: I feel like I'm watching my life pass me by, but I can't do anything to stop it. I want to be happy, but I don't even know what that feels like anymore. I feel like I'm just existing, not really living. I don't have the energy to do anything, and I don't even know where to start. I feel like I'm stuck in this endless cycle of doing nothing, and I can't seem to break free. I just want to feel alive again, but I don't know how.","Question: The answer to the question \Does the poster suffer from depression?\"" is""","yes. Reasoning: The post conveys a deep sense of emotional numbness and a lack of motivation, which are common symptoms of depression. The poster describes feeling like they are merely existing rather than truly living, indicating a loss of interest or pleasure in life. The mention of feeling stuck in an endless cycle and lacking the energy to break free suggests a sense of hopelessness and exhaustion. The overall tone of the post reflects a significant level of emotional distress and a desire to feel alive again, which aligns with symptoms commonly associated with depression."

"Post: I feel so alone, even when I'm surrounded by people. It's like there's this invisible wall between me and everyone else, and no matter how hard I try, I can't seem to break through it. I want to connect with people, but I don't know how. I feel like I'm just drifting through life, unseen and unheard. I don't even know why I'm writing this. I guess I just need to get these feelings out, even if it's to strangers on the internet.","Question: The answer to the question \Does the poster suffer from depression?\"" is""","yes. Reasoning: The post exhibits strong emotional indicators of depression, particularly in the form of feelings of loneliness and isolation. The poster describes feeling disconnected from others, even when surrounded by people, which suggests a lack of social support and a sense of emotional detachment. The mention of feeling unseen and unheard indicates a lack of self-worth and a desire for connection, which are common symptoms of depression. The overall tone of the post reflects a significant level of emotional distress and a need to express these feelings, further aligning with symptoms of depression."
"Post: I feel like I'm stuck in a loop. Every day feels the same, and I can't seem to break free. I wake up, go to work, come home, and just sit in silence. I used to love reading, but now I can't even focus on a single page. My friends have stopped inviting me out because I always cancel. I don’t know why I do it—I just can’t bring myself to leave the house. I feel like I’m drowning, and no one notices. I’ve tried talking to my family, but they just tell me to ‘snap out of it.’ I don’t know how much longer I can keep pretending everything is okay.","Question: The answer to the question Does the poster suffers from depression?"" is""","yes. Reasoning: The post conveys a strong sense of hopelessness and emotional exhaustion. The poster describes a loss of interest in activities they once enjoyed, such as reading, and an inability to focus, which are common symptoms of depression. They also mention social withdrawal, as they no longer attend social gatherings and have distanced themselves from friends. The feeling of being stuck in a loop and drowning suggests a lack of control over their emotions and circumstances, which is indicative of depression. The lack of support from family, who dismiss their feelings, further exacerbates their sense of isolation. Overall, the emotional tone and specific behaviors described align with the criteria for depression."
"Post: I can't seem to find joy in anything anymore. I wake up every day feeling like there's a heavy weight on my chest, and no matter what I do, it doesn't go away. I used to love reading, but now I can't focus on a single page. Even my favorite shows feel dull and uninteresting. I’ve been avoiding my friends because I feel like I’m just a burden to them. They keep asking me to hang out, but I just don’t have the energy. I feel like I’m stuck in this endless loop of numbness and exhaustion. I don’t even know why I’m writing this, but I guess I just needed to get it out.",Question: The answer to the question 'Does the poster suffer from depression?' is,"yes. Reasoning: The post exhibits several key indicators of depression. The poster describes a persistent feeling of sadness and a lack of interest in activities they once enjoyed, which are hallmark symptoms of depression. They also mention feelings of exhaustion, difficulty concentrating, and social withdrawal, all of which are common in individuals suffering from depression. The use of phrases like 'heavy weight on my chest' and 'endless loop of numbness' further underscores the emotional and physical toll the poster is experiencing. Overall, the tone of the post suggests a deep sense of hopelessness and emotional pain, aligning with the diagnostic criteria for depression."

"Post: I’ve been feeling really anxious lately, and it’s starting to affect my daily life. I can’t sleep because my mind is racing with all these negative thoughts. I keep worrying about things that haven’t even happened yet, and it’s making it hard for me to focus at work. I’ve tried to talk to my friends about it, but they just tell me to 'calm down' or 'stop overthinking.' It’s not that simple. I feel like I’m drowning in my own thoughts, and I don’t know how to make it stop. I just want to feel normal again.",Question: The answer to the question 'Does the poster suffer from depression?' is,"no. Reasoning: The post primarily describes symptoms of anxiety, such as racing thoughts, difficulty sleeping, and excessive worrying. While anxiety and depression can co-occur, the post does not explicitly mention feelings of sadness, hopelessness, or a lack of interest in activities, which are key indicators of depression. The poster is seeking relief from their anxious thoughts and expresses a desire to 'feel normal again,' but the focus is on anxiety rather than depressive symptoms. Therefore, based on the content of the post, it does not appear that the poster is suffering from depression."

"Post: I’ve been feeling really down for the past few weeks. I don’t know why, but I just can’t seem to shake this feeling of emptiness. I’ve been isolating myself from everyone, and I don’t even feel like getting out of bed most days. I keep thinking about how pointless everything feels, and I can’t stop crying. I don’t know what’s wrong with me, but I feel like I’m losing control. I don’t want to feel this way anymore.",Question: The answer to the question 'Does the poster suffer from depression?' is,"yes. Reasoning: The post clearly describes symptoms of depression, including feelings of emptiness, social isolation, and a lack of motivation. The poster mentions difficulty getting out of bed, frequent crying, and a sense of hopelessness, all of which are strong indicators of depression. The phrase 'I feel like I’m losing control' suggests a sense of helplessness and emotional overwhelm, which are common in individuals experiencing depression. The overall tone of the post is one of despair and a desire for relief, aligning with the diagnostic criteria for depression."

"Post: I’ve been feeling really stressed out lately because of work. I have so much on my plate, and I feel like I’m constantly running behind. I’ve been having trouble sleeping, and I’m always tired. I’ve also noticed that I’ve been snapping at people more often, which isn’t like me. I know I need to take a break, but I don’t have the time. I just feel like I’m stuck in this never-ending cycle of stress and exhaustion.",Question: The answer to the question 'Does the poster suffer from depression?' is,"no. Reasoning: The post primarily describes symptoms of stress and burnout, such as difficulty sleeping, fatigue, and irritability. While these symptoms can overlap with those of depression, the post does not mention feelings of sadness, hopelessness, or a lack of interest in activities, which are key indicators of depression. The poster acknowledges the need for a break and expresses frustration with their current situation, but the focus is on work-related stress rather than depressive symptoms. Therefore, based on the content of the post, it does not appear that the poster is suffering from depression."

"Post: I’ve been feeling really lonely lately. I moved to a new city a few months ago, and I haven’t been able to make any friends. I spend most of my time alone, and I feel like I’m just going through the motions of life. I try to keep myself busy with work and hobbies, but it doesn’t help. I just feel so disconnected from everything and everyone. I don’t know how to fix this.",Question: The answer to the question 'Does the poster suffer from depression?' is,"yes. Reasoning: The post describes feelings of loneliness, disconnection, and a lack of fulfillment, which are common symptoms of depression. The poster mentions going through the motions of life and feeling unable to connect with others, which suggests a sense of emotional numbness and isolation. While the post does not explicitly mention sadness or hopelessness, the overall tone conveys a deep sense of dissatisfaction and a desire for change, aligning with the diagnostic criteria for depression."
"Post: I don’t know what’s wrong with me. I wake up every day feeling like I’m carrying this heavy weight on my chest. I can’t seem to find joy in anything anymore. I used to love reading, but now I can’t even focus long enough to finish a page. My friends keep asking me to hang out, but I always make excuses because I just don’t have the energy. I feel so alone, even when I’m surrounded by people. I’ve tried to talk to my family about it, but they just tell me to ‘snap out of it.’ I don’t know how to explain that it’s not that simple. I’m tired of feeling like this, but I don’t know what to do.","Question: The answer to the question Does the poster suffers from depression?"" is""","yes. Reasoning: The post exhibits several key indicators of depression. The poster describes a persistent feeling of heaviness and lack of joy in activities they once enjoyed, which aligns with the symptom of anhedonia commonly associated with depression. They also mention difficulty concentrating and a lack of energy, both of which are typical symptoms of depression. The feeling of loneliness, even when surrounded by others, suggests social withdrawal and isolation, which are often seen in individuals with depression. The poster’s inability to articulate their feelings to their family and their frustration with being told to ‘snap out of it’ further indicate a sense of hopelessness and helplessness. The overall tone of the post conveys a deep emotional struggle and a lack of motivation to seek help, which are strong indicators of depression."

"Post: I’ve been feeling really low lately. I can’t seem to shake this feeling of sadness, no matter what I do. I’ve tried exercising, eating better, and even meditating, but nothing seems to help. I feel like I’m stuck in a dark hole and I can’t climb out. I’ve been having trouble sleeping, and when I do sleep, I wake up feeling even more tired. I don’t want to burden anyone with my problems, so I keep everything to myself. I just don’t know what to do anymore.","Question: The answer to the question Does the poster suffers from depression?"" is""","yes. Reasoning: The post reflects a persistent feeling of sadness and a lack of improvement despite efforts to engage in activities that typically help with mood regulation, such as exercise and meditation. The poster describes feeling stuck in a ‘dark hole,’ which is a metaphor often used to convey the sense of hopelessness associated with depression. They also mention trouble sleeping and feeling more tired upon waking, which are common symptoms of depression. The reluctance to share their problems with others due to fear of burdening them suggests a sense of guilt and isolation, further indicating depression. The overall tone of the post conveys a sense of helplessness and emotional exhaustion, which are consistent with depressive symptoms."

"Post: I’m really struggling with my mental health right now. I feel like I’m constantly on edge, and the smallest things set me off. I’ve been having panic attacks more frequently, and I can’t seem to calm myself down. I’ve been avoiding social situations because I’m afraid of having a panic attack in public. I’ve also been feeling really down and unmotivated. I don’t want to do anything, and I feel like I’m just going through the motions. I’ve been thinking about talking to a therapist, but I’m not sure if it will help.","Question: The answer to the question Does the poster suffers from depression?"" is""","yes. Reasoning: The post indicates that the poster is experiencing significant emotional distress, including frequent panic attacks, heightened anxiety, and avoidance of social situations. These symptoms suggest the presence of an anxiety disorder, which often co-occurs with depression. The poster also describes feeling down, unmotivated, and like they are ‘just going through the motions,’ which are classic symptoms of depression. The mention of considering therapy but feeling uncertain about its effectiveness reflects a sense of hopelessness and ambivalence, which are common in individuals struggling with depression. The overall tone of the post conveys a high level of emotional distress and a lack of hope for improvement, aligning with the symptoms of depression."

"Post: I feel like I’m drowning. I can’t keep up with everything in my life, and I’m constantly overwhelmed. I’ve been having trouble sleeping, and when I do sleep, I have nightmares. I’ve been feeling really irritable and snapping at people for no reason. I’ve also been feeling really sad and hopeless. I don’t see any light at the end of the tunnel. I’ve been thinking about reaching out for help, but I don’t know where to start.","Question: The answer to the question Does the poster suffers from depression?"" is""","yes. Reasoning: The post conveys a profound sense of being overwhelmed and unable to cope with daily life, which is a common experience for individuals with depression. The poster describes trouble sleeping, nightmares, and irritability, all of which are symptoms that can accompany depression. The persistent feelings of sadness and hopelessness, along with the inability to see a positive future, strongly suggest the presence of depression. The mention of considering reaching out for help but not knowing where to start reflects a sense of confusion and helplessness, which are often experienced by those struggling with depression. The overall tone of the post is one of deep emotional pain and a lack of hope, indicating that the poster is likely suffering from depression."

"Post: I’ve been feeling really down for the past few months. I don’t enjoy the things I used to love, and I’ve been isolating myself from friends and family. I’ve been having trouble concentrating at work, and I feel like I’m just going through the motions. I’ve been feeling really guilty about everything, even things that aren’t my fault. I’ve also been having thoughts that life isn’t worth living, but I don’t think I would ever act on them. I don’t know what’s wrong with me, but I feel like I’m stuck in this never-ending cycle of sadness.","Question: The answer to the question Does the poster suffers from depression?"" is""","yes. Reasoning: The post reflects a prolonged period of low mood, loss of interest in previously enjoyed activities, and social isolation, all of which are hallmark symptoms of depression. The poster describes difficulty concentrating at work and feeling like they are ‘just going through the motions,’ which are common experiences in individuals with depression. The pervasive guilt and thoughts that life isn’t worth living are particularly concerning, as they suggest a significant level of emotional distress and a potential risk for suicidal ideation. The overall tone of the post conveys a deep sense of sadness and hopelessness, indicating that the poster is likely suffering from depression."

"Post: I’ve been feeling really numb lately. I don’t feel happy, but I don’t feel sad either. I just feel empty. I’ve been having trouble getting out of bed in the morning, and I’ve been neglecting my responsibilities. I don’t have the energy to do anything, and I feel like I’m just existing, not really living. I’ve been thinking about talking to someone, but I don’t know if it will help. I just feel so disconnected from everything and everyone.","Question: The answer to the question Does the poster suffers from depression?"" is""","yes. Reasoning: The post describes a pervasive sense of emptiness and emotional numbness, which are common symptoms of depression. The poster mentions difficulty getting out of bed and neglecting responsibilities, indicating a lack of motivation and energy, both of which are typical in individuals with depression. The feeling of disconnection from others and the world around them further suggests social withdrawal and isolation, which are often seen in depression. The overall tone of the post conveys a deep sense of disengagement and a lack of purpose, indicating that the poster is likely suffering from depression."

"Post: I’ve been feeling really hopeless lately. I don’t see any point in trying anymore because nothing seems to work out for me. I’ve been feeling really tired all the time, and I’ve been having trouble sleeping. I’ve also been feeling really irritable and snapping at people for no reason. I don’t know what’s wrong with me, but I feel like I’m stuck in this endless cycle of failure.","Question: The answer to the question Does the poster suffers from depression?"" is""","yes. Reasoning: The post reflects a profound sense of hopelessness and a belief that nothing will improve, which are key symptoms of depression. The poster describes feeling tired all the time and having trouble sleeping, both of which are common physical symptoms of depression. The irritability and tendency to snap at others suggest heightened emotional sensitivity, which is often seen in individuals with depression. The overall tone of the post conveys a deep sense of despair and a lack of hope for the future, indicating that the poster is likely suffering from depression."
