query,response,reasoning
"Consider this post: ""How to avoid a relapse? I've been having a particularly rough year; I attempted suicide, the love of my life left me, I failed my year at university, I've been physically assaulted, I've been sexually assaulted and today my grandfather died. I feel like I'm running on empty and doing the bare minimum to survive for myself while trying to be a rock to others. My emotional resilience has been wiped out. I feel ""okay"" but I've felt like this in the past and it has turned out that I've just been lying to myself and making things worse. Any advice on how to manage/process my emotions? Or just how to better understand myself?"" Question: Does the poster suffer from depression?","Yes, the poster suffers from depression.","The post describes a series of traumatic events including a suicide attempt, loss of a loved one, academic failure, physical and sexual assault, and the death of a grandfather. The poster expresses feelings of emotional exhaustion, a lack of resilience, and a sense of merely surviving. They also mention a history of lying to themselves about their emotional state, which suggests a pattern of depressive symptoms. The plea for advice on managing and processing emotions further indicates significant emotional distress consistent with depression."
"Consider this post: ""This is how I feel and I have a slight sense I am the only one to think think this way. I am depressed? Help wanted I yearn for the days I was in high school. I felt as if I was always happy and never worried about anything. I am 22, just having graduated from University. It seems each day I am becoming a person who does not want to have a relationship with anyone other then my family. I want to be alone. Happiness to me is being sheltered by reality--alone with my thoughts. I deleted every single bit of social media I had about a year ago (SC, FB, Insta, Twitter, etc) in an attempt to become as alone as possible. I truly deep down wish I was never born, but I would never ever commit suicide. I wish more then anything else that I can just disappear and leave this world. I am studying for the MCAT currently. I don't have any problem doing so because of my extremely addictive personality, but I find that I enjoy things that take my mind off of reality. Studying, reading, listening to music or going for a drives are my favorite ways to achieve this. But the reality I see is that this world is shit. I believe that as a whole, humans are riddled with greed and selfishness that are the motivations behind MOST of everything in this world. And by humans, that obviously includes myself and I hate myself down to the core for the selfish things I have done. Maybe I am too cynical or something. But this bad world syndrome fucks my brain and idk. I REEEEALLLLY question every aspect of life and I can't help it. Each time I am left with questions that completely make me hate the way this world is. I guess I can give one example. The most recent self-philosophical argument I had is the idea of wars, with murdering others specifically. We praise those who fight for our country, yet at the same time a great deal of these same people are super religious. Do people not evaluate the reality they are in? Do they not question why they believe the things they do? Am I the only one? Does someone's act of ending another life provide justification for doing the same? Who is to even say so? If they would kill all of us if we did not kill them, then what makes our lives worth more? That's just one example, but then I look at areas like American healthcare or the fact my family and others are wealthy while there are people fucking dying because they cannot get water or food. Even the American political system with the deep state and shit. Why are we even on this damn earth? Seriously, what is the point of everything in life? I simply don't view the joys of life being worth living for. I just don't understand. This whole text here is just me rambling my thoughts in hopes that someone somewhere reading this could maybe help me."" Question: Does the poster suffer from depression?","Yes, the poster suffers from depression.","The post reveals deep feelings of hopelessness, self-loathing, and a desire to disappear, which are hallmark symptoms of depression. The poster also expresses a loss of interest in social relationships, a preference for isolation, and a cynical worldview. Their addictive behaviors (studying, reading, etc.) as a means to escape reality, along with existential questioning and a pervasive sense of worthlessness, further align with depressive symptomatology. The explicit mention of wishing they were never born (though not suicidal) underscores the severity of their depressive state."
"Consider this post: ""Advice for getting back in touch with everyday life? I think the hardest thing for me, and the largest factor I need to address to try and feel healthy again, is simply trying to feel engaged in and enjoying the present. Right now, days have little to no meaning at all, and I am only really able to think of my life in terms of weeks, months, and years. As a result of that, I feel nothing from the hobbies or moments that would before provide me feelings of joy, satisfaction or just generally fulfilling myself. The only activities I really ""enjoy"" anymore is anything that provides me with a complete escape from reality, however these activities are not exactly one belonging to a healthy lifestyle. I just want to enjoy the things that I used to enjoy, but whenever I try I feel like I am wasting my time, are not doing them well enough. Has anybody gone through something similar, and has advice for how they managed to get through it? Thanks for reading."" Question: Does the poster suffer from depression?","Yes, the poster suffers from depression.","The post highlights anhedonia (inability to feel joy from previously enjoyable activities), a sense of meaninglessness in daily life, and a reliance on unhealthy escapism. These are classic signs of depression. The poster's struggle to engage with hobbies or the present moment, coupled with feelings of inadequacy and time-wasting, reflects the cognitive and emotional impairments typical of depressive disorders. Their desire to 'feel healthy again' and seek advice further supports this conclusion."
"Consider this post: ""Having a really bad stretch of days.. Hi all, I know this sub moves kinda fast but I just wanted to vent, hopefully some of you read this.. So my story is that I've had depression and social anxiety for about 15 years or so (at least that's when I recall starting to feel ""off"".. I'm 29 now).. Because of my poor decision to bottle things up and accept that I'm unhappy I put off seeking help until about a month or two ago in which I started going to therapy. It had taken a rather bad mental fallout that occurred in early December for me to finally reach out for help. In my sessions we've been working on techniques to combat both my SA and depression, these include going to places alone such as coffee shops, yoga classes, shopping malls, etc. (Keep in mind I have ""functioning"" social anxiety where I can physically be around people but I'm extremely uncomfortable the entire time and have a very difficult time interacting with people).. The thought process being that my depression stems from loneliness and my SA contributes to that.. It's been a big step for me to try and go out on my own, but I've been doing it almost every day even though it doesn't seem to be creating any improvement. Unfortunately the last few days have been incredibly difficult, I'm getting a very sick feeling of hopelessness and worry that my life is now just constantly shuffling around desperately trying to find something in the world that will ""fix"" me. I tried to sit at home last night to give myself a break and I couldn't even do that, I started becoming consumed by those bad thoughts and began having a panic attack.. So I decided to just go drive aimlessly even though we were in the middle of a snow storm.. I feel miserable again today and I'm just running out of steam to keep going, I really don't know what to do anymore.. I'm exhausted from constantly forcing myself into uncomfortable public situations but at the same time my home feels like a prison.. I have nobody to talk to or gain support from anymore, the couple of friends that I have all have their own lives with wives and kids and my family has been out of my life for 10 years and for good reason.. I know nobody has answers as to what I should do but I just needed to rant"" Question: Does the poster suffer from depression?","Yes, the poster suffers from depression.","The post details a 15-year history of depression and social anxiety, recent therapy, and persistent feelings of hopelessness and exhaustion. The poster describes forced exposure to social situations that yield no improvement, panic attacks, and a sense of being trapped both at home and in public. Their isolation, lack of support, and the description of their home as a 'prison' are strong indicators of chronic depression. The mention of a 'sick feeling of hopelessness' and emotional exhaustion aligns with severe depressive symptoms."
"Consider this post: ""I dont understand how people can be so interested in so many things First, let me apologize for formatting issues, I am typing this on mobile. I generally find television boring, have little to no interest in Netflix shows, anime, and most video games and hobbies. I really only have one hobby that I have feel attachment to, and frankly, I dont enjoy most new shows. If I watch something of my own, its typically something I watched from when I was younger, like scooby doo or Phineas and ferb as the two main ones, being my absolute favorites from my youth, though that's rare as it is. And whenever I do those things, except for my one main hobby sometimes, I feel that I am all to aware that it's just escapism, and instead of escaping, I fall back into the same track. I don't think I have a short attention span, but that's what I always feel like I go back to in the back of my head, as that's what people my age are supposed to have because of this digital age."" Question: Does the poster suffer from depression?","Yes, the poster likely suffers from depression.","The post describes a pervasive lack of interest in most activities (anhedonia), a reliance on nostalgic escapism, and a self-awareness of using hobbies as ineffective coping mechanisms. These behaviors are consistent with depressive symptoms, particularly the loss of pleasure in previously enjoyed activities and the sense of detachment or futility. The poster's fixation on childhood shows and the feeling of being out of sync with peers suggest emotional withdrawal and low mood, which are common in depression."
"Consider this post: ""Even if you hate them, theres something gut wrenching about hearing parents fight. I hate both of my parents. They are mentally abusive to me, and just a lack of care most of my life. Even so, listening to them fight right now makes me really uncomfortable. You'd think my hate would just make me careless about it but its just not"" Question: Does the poster suffer from depression?","Yes, the poster suffers from depression.","The poster describes a deeply uncomfortable emotional reaction to their parents fighting, despite hating them due to past abuse and neglect. This indicates a complex emotional state where feelings of distress persist even in the absence of positive regard for the parents. The inability to remain indifferent to the conflict suggests underlying emotional pain and turmoil, which are consistent with symptoms of depression."
"Consider this post: ""5 Simple family activities to get and stay healthy - Made In A Pinch Engaging in healthy family activities together not only promotes a healthy lifestyle, it also creates bonding opportunities and wonderful memories! Here are 5 easy ways to build family activities into your life!"" Question: Does the poster suffer from depression?","No, the poster does not suffer from depression.","The post is a promotional or informational piece about family activities aimed at promoting health and bonding. There is no emotional content or personal expression that would indicate feelings of sadness, hopelessness, or other symptoms associated with depression."
"Consider this post: ""Will I ever be with somebody? I'm so lonely. I'm 19 and I don't have a clue what a relationship feels like. All my friends are talking about marriage and I've never even had a real kiss I cared about. I didn't think I was that bad, I guess I was wrong. I know there are people who go much longer without finding anyone special but I really hope that doesn't happen to me. I've spent so long being someone I'm not, and now I don't know how to actually be myself anymore. I feel so depersonalized and isolated. I need someone to tell me it's ok. I have so many deep problems and I cant talk about them. I don't want sex, I want someone who can hold me and reassure me that I don't need to die to feel at peace. I just want to cuddle and talk, is that too much to ask?? I don't even care who, man woman other I dont care and still I cant fucking find anyone. I can't even find real friends. I give up, it's probably too late for me anyway. Alcohol is the only thing I have a real relationship with."" Question: Does the poster suffer from depression?","Yes, the poster suffers from depression.","The post expresses profound loneliness, feelings of inadequacy, and a lack of meaningful relationships. The poster mentions feeling depersonalized, isolated, and even references a desire for peace through death, which are strong indicators of depressive symptoms. Additionally, the reliance on alcohol as a coping mechanism further supports the presence of depression."
"Consider this post: ""Need feedback: what do you do with your used toys? Hello parents I am working on a project that helps families sell or giveaway used toys through a simple app (free to use) and in the process build a responsible conscious generation of kids who love to share!! The app is not yet working but I would love to get your feedback on the website and service and let me know if that's something you may use! would be great to provide feedback through the website itself but of course comments and discussions here are encouraged! I really appreciate https://www.green-yoyo.com/home#defos"" Question: Does the poster suffer from depression?","No, the poster does not suffer from depression.","The post is a request for feedback on a project related to reusing toys. It is business-oriented and lacks any personal emotional expression or indicators of distress, sadness, or other symptoms of depression."
"Consider this post: ""I got a girlfriend!! Jk no girl will ever love me"" Question: Does the poster suffer from depression?","Yes, the poster shows symptoms of depression.","The post uses self-deprecating humor to express a belief that the poster is unlovable, which reflects feelings of worthlessness and hopelessness. These are common symptoms of depression, especially when coupled with a negative outlook on future relationships."
"Consider this post: ""How much longer can I fake it? I'm 33, had a full-time job for several years and have a young son. I took a leave from work in 2014 for mental illness, at which point I was diagnosed with depression and anxiety disorder, prescribed Zoloft and was back at work when my short term disability ran out. This was the first time I'd been on anti-depressants. I felt tired all the time, had no sex drive, and started gaining weight, but at least I was functional. Over the next year, I received a few verbal warnings and 1 written warning at work about my poor performance. Eventually, the mask broke and I was on leave again in 2015. This time I was away for much longer, was diagnosed w/ dysthymia, tried several different medications, found out that just about every SSRI gave me horrible side effects (sweating, nausea, insomnia, no sex drive, I'm actually thinking now that maybe they caused serotonin syndrome) and eventually landed on Remeron and Wellbutrin. This combo actually started to work, without any side effects (except for weight gain, which I've been managing with a diet now). This time, I returned to work because I received notice in the mail that my employment was going to be terminated because it was coming up on 2 years without being at work. I figured if I was going to be fired for not returning, I may as well return, make some money and worst thing that happens is I get fired anyways. I was not better when I returned to work, I was functional, I was able to smile, but the low mood persisted in a big way. And so here I am, still working, trying to fake it everyday, feeling like a house of cards thats ready to topple. I'm afraid because if I go off work again that will have been 3 leaves of absence, and I really don't think I could show my face around here anymore after that. I remember how horrible my life felt when I was on medical leave. I remember falling behind on child support, having to borrow money from my parents. I remember trying to convince my girlfriend that my low sex drive was because of meds and not because of her. I remember trying to convince an insurance company that I'm sick, while simultaneously trying to convince myself that I can get better. I remember feeling like a useless waste of skin that drained on the resources of everyone that dared to care about me. I guess what I'm saying is I know, right now, I'm suffering from depression, and I'm afraid of what might happen if I admit that again."" Question: Does the poster suffer from depression?","Yes, the poster suffers from depression.","The post details a long history of mental health struggles, including diagnoses of depression and anxiety disorder, multiple leaves of absence from work due to mental illness, and the trial of various medications with severe side effects. The poster describes persistent low mood, feelings of worthlessness ('useless waste of skin'), and fear of admitting their current depressive state due to past negative experiences. These are classic symptoms of depression, including chronic low mood, self-deprecation, and functional impairment."
"Consider this post: ""My birthday is in 15 days. I have never felt so unexcited &amp; Apathetic about my birthday in my entire life. Happy early birthday to me.."" Question: Does the poster suffer from depression?","Likely yes, the poster shows symptoms of depression.","The post expresses apathy and lack of excitement about an event (their birthday) that typically brings joy or anticipation. This emotional flatness and disinterest in activities or milestones that would normally be meaningful are common indicators of depression. The tone ('Happy early birthday to me..') also suggests sarcasm or resignation, further hinting at depressive feelings."
"Consider this post: ""It's so hard It's hard to think about someone who you spent every day with a year ago but now they don't even want to talk. How do you get over losing a friend?"" Question: Does the poster suffer from depression?",The post does not clearly indicate depression but suggests emotional distress.,"While the poster expresses sadness and difficulty coping with the loss of a close friendship, this alone does not necessarily indicate depression. The post focuses on grief over a specific relationship rather than pervasive symptoms like hopelessness, self-worth issues, or anhedonia. However, prolonged or intense distress could develop into depression if unresolved."
"Consider this post: ""What is the relationship supposed to be like between a 20 year old uni student who lives at home with his mom and his Mom?"" Question: Does the poster suffer from depression?","No, the post does not indicate depression.","The post is a neutral question about the dynamics of a parent-child relationship for a young adult living at home. There is no expression of emotional distress, negative self-perception, or other depressive symptoms. The query appears to seek advice or clarification rather than reflect mental health struggles."
"Consider this post: ""I feel like the friendship I have is fake on her behalf I have known this girl for going on 7 years. I am not the type of person that has many friends, or is very sociable. I try to keep to myself and mind my own business, and don‚Äôt care to hag out with people. We met at work, and I liked that there was so much that we had in common, almost like I could see myself in her. We became friends. However, there has been a few instances that make me question her friendship. We are both waitresses, and she would ask me how my night was and how much I made. It made me feel a bit uncomfortable, because the way she asked seemed a bit odd. If I would make more than her she would seem a little upset, if she made more, she seemed to be happy. Even now when I make more than her she says ‚ÄúI hate you‚Äù. She says I‚Äôm her ‚Äúbest friend‚Äù and gets mad if I hang out with someone else without her knowing, tag/get tagged by other people on FB, or go places without inviting her. Although, she does all of these things as well, but I don‚Äôt get upset or mention them. When we started working at a different restaurant, right off the bat, there were people that didn‚Äôt like me. These are people that are problematic, and always cause drama (which I cannot tolerate). Well, my friend knowing that these people talked behind my back, hated me, and made up rumors about me, decided to invite on them to her house! At that moment I realized that this fakeness was not just in my mind! My friend likes a lot of attention, she gets upset when she doesn‚Äôt get it, or when I do; my friend likes to judge other people‚Äôs body‚Äôs (she‚Äôs taller 5‚Äô6‚Äù, thin); my friend sees every imperfection in others; My friend expects me to invite her out, buy her treats, bring her things to work, but she has never offered to do the same for me (although she does it for others); my friend posted 5 emojis on my fb wall on my birthday (üòòüéâ üéÇüë≠üíÉ) I always congratulate her and wish her well; My friend calls me her ‚Äúbestie‚Äù..... how real is this friendship for her?? I forgot to mention that I always try to give her Christmas/birthday presents according to what she likes(mostly earrings or pretty blouses/dresses), she rarely gives me gifts (which is fine, I don‚Äôt expect anything in return) but when she does, it‚Äôs something that has nothing to do with me (like a size large red and blue Superman-logo hoodie. I‚Äôm a size small) or a random item she finds in the clearance section..."" Question: Does the poster suffer from depression?",The post does not clearly indicate depression but suggests relational stress and possible low self-esteem.,"The poster describes feelings of betrayal and frustration in a one-sided friendship, but the focus is on the friend's behavior rather than pervasive depressive symptoms. While there may be underlying sadness or self-doubt (e.g., questioning the friendship's authenticity), the post lacks hallmark signs of depression like hopelessness, anhedonia, or self-deprecation. The primary theme is interpersonal conflict, not a mood disorder."
"Consider this post: ""Does anyone else's depression causes them to constantly daydream or imagine their lives are a documentary? I daydream a lot about people I know in real life or situations I wish would happen. It's alternate reality I go to escape my loneliness. I sometimes daydream about being in a hotel in some tropical paradise or being in a very romantic date or just that I'm in some kind of reality TV show/documentary where I'm the star and the narrator at the same time and everyone admires me. My mental state worsens once the daydreaming is over and I realize it's just fantasy. :/"" Question: Does the poster suffer from depression?","Yes, the poster suffers from depression.","The post describes frequent daydreaming as an escape from loneliness, which is a common coping mechanism for individuals with depression. The poster also mentions that their mental state worsens after these daydreams, indicating a cycle of negative emotions and escapism. The content reflects persistent feelings of loneliness and dissatisfaction with reality, which are hallmark symptoms of depression."
"Consider this post: ""first therapy I just had my first ever therapy today and im not really shure if i liked it or not. I tried to be really open and talked about everything but she kinda just went over the fact that i mentioned that i sometimes have suicidle thoughts(which is like the only reason i made myselve go in the first place). Dunno why i write this here, maybe i just wanted to tell someone."" Question: Does the poster suffer from depression?","Yes, the poster suffers from depression.","The post explicitly mentions suicidal thoughts, which are a severe symptom of depression. The fact that the poster sought therapy primarily for this reason further underscores the presence of depressive symptoms. The tone of the post also suggests feelings of uncertainty and emotional distress, which align with depressive experiences."
"Consider this post: ""I‚Äôm afraid of my family falling apart after my grandfather passes away I need advice. My mother passed away from cancer 4 years ago now. I have two brothers in their 20s. One hasn‚Äôt finished his associates and the other in nursing school but takes every chance he can get to get away from helping the family. My father is an irresponsible alcoholic who thinks it‚Äôs beneath him to wash even his own dishes. I currently live in San Francisco and trying to get into medical school and making up for my precious failures in college. My grandfather is the patriarch of the family. He always has been and has been the glue to keeping it together. I‚Äôm worried that if my grandfather passes away that my father will go deeper into alcoholism and my little brother will be his forever caretaker. I‚Äôm so scared. I‚Äôm the only female in my family left and I feel so overwhelmed and burdened. I don‚Äôt know what to do. I don‚Äôt know where to go. I don‚Äôt even know how to help myself. There have been days when I‚Äôve come and my father has passed out on the couch and hasn‚Äôt eaten. I just feel like I come from a trashy family and there‚Äôs no way out."" Question: Does the poster suffer from depression?","Yes, the poster suffers from depression.","The post reveals overwhelming feelings of fear, helplessness, and burden related to family dynamics and potential future scenarios. The poster describes feeling 'overwhelmed and burdened,' as well as expressing hopelessness about their situation. These emotions, combined with the context of familial stress and personal struggles, strongly indicate depressive symptoms."
"Consider this post: ""Hi! We are YourAmigo Hi! I‚Äôm A.M. and I‚Äôm writing to introduce a new initiative named YourAmigo. Basically we are a group of friends that have to decided to form this initiative to help anyone who need an ‚Äúamigo‚Äù (Spanish word for friend). We work by assigning anyone who wants it, an ‚Äúamigo‚Äù with whom you can talk about anything. We don‚Äôt accept donations, though if anyone wants to help us or has any suggestions, feel free to contact us. Let me explain who we are :) We are not therapists, and we realize that we are not capable of solving your problems, or even comprehend your pain; but we can listen to you. We want to hear your stories, we want you to tell us whatever you‚Äôd like to say. In the end we just want you to feel heard. And of course, you will never be judged. You know guys, we have all been there, in that cold and lonely place. For some, this place will be terrifying and called depression, for others it might be something less severe. But we don‚Äôt care. If it is important enough for you to feel bad about it, then it would be an honor for us to hear about it. Here‚Äôs how we work: below you have the email address where you can find us. Please write us. In your first email, you can tell us anything you want, though a little bit of your story is always welcomed (though not required!). And that‚Äôs it! Here‚Äôs our email address: youramigoam@gmail.com And that‚Äôs it! Last but not least, I want to thank you for reading this far. I really encourage you to text us. Moreover feel free to copy and paste this message in any other forum: the more people that read this, the more people we can help! See you soon! A.M."" Question: Does the poster suffer from depression?","No, the poster does not suffer from depression.","The post is an introduction to a supportive initiative aimed at helping others, not a personal expression of emotional distress. The tone is positive and proactive, focusing on offering companionship rather than describing any depressive symptoms. There is no indication that the poster is experiencing depression themselves."
"Consider this post: ""exhausted this is my first time posting on this subreddit but I need something to regurgitate everything that I‚Äôm feeling as it may be the only thing that stops me from trying to hurt myself. I‚Äôve only slept for about 2 hours and I have to be up for work in 30 minutes which is making me feel worse. As my depression has gotten worse, I find myself sinking further into a place where I have no desire to help or look after myself. I still live at home with my parents and since my mom is aware of my attempts to hurt myself, she has taken on a lot of the responsibilities that I once had for myself. Like cooking for me, cleaning for me, taking me to work sometimes, sleeping in my bed with me. I feel so fucking bad about that, I feel bad for her and I feel bad that she‚Äôs really the only person. I have my boyfriend who has been as supportive as he can be, especially because he‚Äôs dealing with his own obstacles and I feel like I‚Äôm incapable of being there for him. I keep having thoughts of breaking up with him and becoming so sensitive towards everything he says and it makes me beyond words angry at myself that I have failed him and our relationship. I can‚Äôt make me happy, I can‚Äôt make him happy and I won‚Äôt make anyone happy ever. I am attention and reassurance seeking, I get so angry at the successes of others because I‚Äôm not good enough. My identity is shattered and especially because now all I can think about is how sad I am. If I‚Äôm on this downward spiral now, will I ever get out of it?? If I have to live with this any longer, I really don‚Äôt want to live anymore. Everyday I entertain the idea of being in a car accident because I want people to take care of me and love me but I also hate that I want that and wish so badly to be okay with not needing validation and approval from others. I attempted to overdose recently and all I thought about was someone finding me dead on the floor and hoping they would feel bad. I couldn‚Äôt even think of how this would affect my poor mother who has been through so much with my ungrateful attenuation seeking ass. Im so grossed out with myself. I‚Äôm eating at myself and letting myself go, I keep picking and scratching and slapping myself because I don‚Äôt think I deserve to get better. I deserve to hurt because I‚Äôm a sad sack of shit who has NOTHING to be sad about. I have everything I could ever need in life and I‚Äôm still complaining like an ingrate. I fucking hate myself so much, there is someone out there who deserves my own life more than I do. I‚Äôm going to start antidepressants I was prescribed re cently and am in therapy (I don‚Äôt go as often as I probably should) and while that is good, I‚Äôm almost scared of getting better just to get worse again. I‚Äôm scared of going on antidepressants because I‚Äôd rather feel so much than feel nothing at all which is my predicament. If this doesn‚Äôt work, if I keep waking up depressed and if I continue to get worse, I really want to just die. I have no friends, they all live far away and I think they only care because I think they can tell I‚Äôm depressed based on some statuses I‚Äôve posted. My boyfriend continues to be loving towards me, but I always feel like he only does now because he doesn‚Äôt want to hurt me. He says he wants me to get better and be more confident, and I can‚Äôt help but feel that maybe he deserves someone who is more confident. He reminisces on the past and is always talking about wanting to travel and I can‚Äôt help but feel so bad thinking that I won‚Äôt be involved in those plans because I‚Äôm not a fun person to be around. People have reassured me that I am more than enough but I‚Äôm not, I‚Äôm not I don‚Äôt believe them. They‚Äôre just saying that I hate myself so much"" Question: Does the poster suffer from depression?","Yes, the poster suffers from severe depression.","The post includes multiple severe depressive symptoms, including suicidal ideation, self-harm behaviors, feelings of worthlessness, excessive guilt, and a lack of hope for the future. The poster also describes a recent suicide attempt and ongoing struggles with self-image and relationships. These are clear and severe indicators of depression, compounded by the poster's expressed fear of treatment failure and desire to die."
"Consider this post: ""Wishing I could cry, but can't It's really hard, trying to sit, and think about something, and having that feeling where you want to cry, but the tears just won't come out. The worst thing about this is that my day was going well. I don't have any issues. Why do I feel like this? Makes the day look useless, makes my life look useless."" Question: Does the poster suffer from depression?","Yes, the poster suffers from depression.","The post expresses feelings of emotional numbness and a sense of purposelessness, which are common symptoms of depression. The inability to cry despite feeling the urge, and the perception of life as 'useless,' indicate a prolonged negative emotional state rather than a transient reaction to a specific event."
"Consider this post: ""Thinking of quiting my job I work as a waitress and it's killing me inside. I have anxiety along with depression and having to answer phones, greet customers, small talk etc is just exhausting for me. I also don't get along with some people there. My boss and the chef mainly. I get really anxious the entire day beforehand (work evenings) and it just puts me in a bad spot. Another reason for wanting to quit is I'm currently a student and I'm in the last leg of my final year dissertation, I just don't want the stress of having to go deal with my boss and having to take orders etc when I have this important deadline coming up. The only problem is it's my only income. I don't want my boyfriend getting mad at me because he has to support me with his shitty job for a couple of months untill my project is over and I can find a better job. I feel completely stuck right now and I don't know what the best thing is to do..."" Question: Does the poster suffer from depression?","Yes, the poster suffers from depression.","The post explicitly mentions the poster's struggle with depression and anxiety, detailing how these conditions affect their daily life and work. The feelings of being stuck, overwhelmed, and the fear of burdening others are consistent with depressive symptoms."
"Consider this post: ""Failure to trust ‚Äò‚Äôthose on my side‚Äô‚Äô. [possible trigger Warning] I find myself incapable of trusting my spouse. I‚Äôve been with my SO for nearly 15 years, 7 married this year, we have 3 children. Before I hit my mid-teens I‚Äôd been through nearly a decade of sexual abuse within the already dysfunctional household I grew up one, with an alcoholic father and a narcissistic mother. I met my now spouse when I was 17. He had been in a two year relationship with a girl a few years his senior, which left him broken after her infidelity. And I‚Ä¶ well I lived day to day, carrying what I could. I‚Äôll never forgot how I coldly and factually told him with a mere two sentences what I had to endure, telling him that if he did chose me, he would be settling for a lifetime shared with a woman with severe ups and downs due to her limited mental strength. He convinced me to go for it and I wept in his arms. That was probably the first time in my life someone did not look the other way and I allowed myself to be vulnerable, instead of distant and cold. I opened myself up to him. Few years later my home situation imploded. I ran. His mother took me under her wing, I think she was the first parental figure I could lean on in my life. His father loathed me as the girl from the slums, threatening me in private to never marry his son. Reminding me of my lowly descent when he could. He would never come to accept me fully but at least fully respects me in public, which to me is commendable enough. Afterwards I started living with my now SO, still during our teens in a studio. The idea was triggered and pushed for by me as a solution after a bout of infidelity on his side after he moved to study in a city a couple hours away. He partook in intimate relations with a girl he knew from another country over webcam due to ‚Äò‚Äôloneliness‚Äô‚Äô and held the act in the same regards as watching porn whereas I didn‚Äôt. We tried to work things out. As we did my view of him started to crumble, but was rebuilt after living together surprisingly worked remarkably well. We grew more towards each other and were best friends on top of lovers. In between this life changing chapter and where I am now, he has had a few strikes I simply can not forget. While I was once open to share my ups and downs and sadness with him, now I‚Äôd rather not. Because where I once trusted him to hold me, I now trust him to ridicule me and tell me to man the fuck up. And the stubborn ass I am, I do, but this comes with resentment. But to explain the strikes: - One is where I was crying after having particularly bad and involuntary memories. Annoyed by my state and stressed by upcoming finals he asked me: When is this going to end? You‚Äôre always spinning the same old tales, you‚Äôre driving yourself insane. - Another was when he screamed out while we had visitors: How would you like it if I told everyone you were raped? He believed I had done something utterly despicable, blame was pinned upon me by one of his siblings. In that moment something broke, the attack was 100% unwarranted. So much trust lost. When he figured out I had done nothing to him the apologies came swift and numerous. - One was when I asked him for a letter. He will always buy flowers on special occasions, which I hate. They wither and die. I just hate the sentiment, I dislike it and I have communicated this. I wanted something which lasts. A reminder. All I wanted was a letter. Years I secretly yearned for one but received flowers instead, which I still tended to. Finally‚Ä¶ I asked for a letter. He refused and told me point blank to my face he would not. That it was silly I needed something to hold onto, and that this item would become something of an unhealthy obsession. - The latest strike was after I endured a panic attack while I was on my own, which I managed myself before he returned home. He was upset when I confided in him and he stated: I will not be on your side if you are mentally ill. I will choose our children and make sure they grow up with stability. (Later he corrected himself and stated that if I was to turn schizophrenic or"" Question: Does the poster suffer from depression?","Yes, the poster suffers from depression.","The post describes a long history of emotional trauma, trust issues, and feelings of resentment and isolation. The poster's inability to share their emotions with their spouse and the accumulation of negative experiences over years suggest a chronic depressive state."
"Consider this post: ""Alcoholic dad It's been like this since I was 6 years old. Just to give information, my family and I lived on a farm before I was six and I rarely got into contact with people outside of my family so I barely knew how to talk and would rather screech and be mad all the time and this led me to be very bad at my own language and have few ""real"" friends. My dad's problem started when he started drinking after the company he worked in shutdown I didn't know about it but my family fought about it without my knowing and I don't even know my siblings that well due to me never having gotten any real attention I just sat in my room while they fought at age six and played a game of Madagascar and shut it out I started understanding at age 10 how bad I was with actual relationships i barely know even now how to initiate discussions with other people or relatives and cryed, everyone started to fight at age 11 now at age 16 my dad drove me and my friend from my other friends due to us having had a LAN (played games) and he almost drove right into the railing of a bridge and that was today now that it wasn't just me who was endangered because of his fucking problem I started getting mad. He barely cares what I say and what my mom says he probably wants to leave my mom but doesn't have the financial expertise or job to do so. I dont know what to do and I barely have the guts to cut myself or anything just banging my head into a wall when my parents aren't home or watching people play games. If you read this whole thing thank you. My dad had gotten physical a few times as well. Sorry for the wall of text."" Question: Does the poster suffer from depression?","Yes, the poster suffers from depression.","The post details a troubled family environment, emotional neglect, and self-harm behaviors (e.g., banging head against the wall). These factors, combined with feelings of helplessness and anger, are indicative of depression, especially given the prolonged nature of these issues."
"Consider this post: ""What music do you guys listen to cope with this curse we call deppresion? For me i listen to metal and rock. It really helps üëç"" Question: Does the poster suffer from depression?","No, the poster does not suffer from depression.","The post discusses coping mechanisms for depression (listening to music) but does not express current depressive symptoms. The tone is neutral and even positive, focusing on what helps rather than expressing distress or hopelessness."
"Consider this post: ""I got my first birthday present ever today from person outside of my family So I turned 21 yesterday and today I meet up with friend and he wished me happy birthday and gave my nice bottle of Prosecco. (I Love it) I never ever received gift from person outside of my family for birthday, so I was little shocked. :) I think my life is slowly getting better. ;)"" Question: Does the poster suffer from depression?","No, the poster does not suffer from depression.","The post expresses happiness and gratitude for receiving a birthday gift from a friend outside the family, which is a positive experience. The poster mentions that their life is slowly getting better, indicating a positive outlook rather than symptoms of depression such as sadness, hopelessness, or despair."
"Consider this post: ""My mom mocks my depression to her friends My mom doesn‚Äôt believe I‚Äôm depressed even though all the psychologists I‚Äôve been to so far tell her I am - and i KNOW myself that feeling like I want to kill myself all the time isn‚Äôt a healthy mindset. I‚Äôve tried to off myself a few times to no avail (without her knowing) and narrowly escaped inpatient. She calls me lazy and ungrateful, complains about how I don‚Äôt do anything productive and sit around all day, I don‚Äôt eat much if anything. She treats me so awfully and if I retaliate in the same way all of a sudden I‚Äôm the bad person. And here‚Äôs the worst of it: I heard her talking about me to her friend, laughing and mocking me, saying stuff like ‚Äòoh everything is always wrong for her, poor girl! she says shes depressed but i know she‚Äôs making it up for attention so she doesnt have to do work around the house like the lazy bitch she is‚Äô It crushes me even further and at this point I don‚Äôt know what to do. I want to kill myself but I have so many goals and aspirations for the future. I‚Äôm stuck in this position between so badly wanting to live and so badly wanting to die."" Question: Does the poster suffer from depression?","Yes, the poster suffers from depression.","The post includes clear symptoms of depression, such as persistent suicidal ideation, feelings of worthlessness, and a lack of energy or motivation (e.g., not eating, sitting around all day). The poster also describes a significant emotional toll from their mother's mockery and lack of support, exacerbating their depressive state. The internal conflict between wanting to live and wanting to die further underscores the severity of their depression."
"Consider this post: ""Thoughest time of my life, and honestly i cant show it So i meet this girl for nearly 2 years ago. I'd say we are probably more then best friends, we are soul friends. For over a year we talked about me moving to their town, so i can get closer to her, her husband and her kids. We have literally been talking for nearly 2 years straight. I understand that she is getting abit tired of me now, but i just moved 1 week ago and she has bearly talked to me once. She is so busy playing video games right now, the only one that really has helped me this past week is her husband. I feel i moved so far for nothing, and now its KILLING me. and since i wont have internet for a while, im getting bored out of my mind, and my depression is hitting me so hard.. I did confront her about this though, but she keeps saying she is depressed and the only way for her is to play games. Even tho when i play games, she keeps going to private worlds with friends, and whenever i as for an invite, she ignores it, even tho it pops up a big icon on her face. My life has been so hard lately, my mom lost her kids in court, other then that, my stepdad made an false accusation of me doing stuff to a child becasuse he is a fucking moron and wanted to ruin my life for fun. (And no, i didnt do anything to a kid just FYI). I won the case but it was ever lasting 3 years.. Other thatn that ive been bullied for 15 years, i've lived alone for since i was 16. Aswell im a very VERY jelous guy, so im not gonna deny that, and here is one of the issues with this: MY EX fucked my life up with cheating on me, and since then i have big trust issues, aswell i tend to get very jelous now when my best friend is getting new friends and seems to have more fun with them then me. Tho, i know my best friend would never leave me since she wanted me up here anyway, but the jelousy that she is having such a good time with others are ripping my life apart. The past 5 Months has been depression only, and Honestly if people has gone through as much as me these past 5 months with suicidal thought every day, they would of gone mental. I have a very strong mind, so it takes alot to take me down mentally, but for some reason, im lost and i dont know what to do. Half of the time i just wanna sit and cry. Before i was friend with her, i had a depression but it wasnt that bad. I didnt have friends then so i didnt have to go through what i have now, For some reason i feel like im not designed to have friends, that my life should keep going on the PC without real ""friends"""" Question: Does the poster suffer from depression?","Yes, the poster suffers from depression.","The post details prolonged feelings of sadness, hopelessness, and isolation, along with daily suicidal thoughts. The poster also describes significant life stressors (e.g., legal battles, bullying, loneliness, jealousy, and betrayal) that have contributed to their depressive state. Their self-perception of being 'not designed to have friends' and their struggle with trust and jealousy further highlight depressive symptoms."
"Consider this post: ""Girlfriend attempted to break her arm to avoid going to work My girlfriend began her summer job in a hospital earlier this summer where she mostly cleans and prepares meals for the patients. She has been pretty upfront about the fact that she is stressed during the days and doesn't want to go to work most days. Since we don't live together we see eachother about three times per week although less during summer since work prohibits that to an extent. She has never during our two year long relationship showed any signs of self harm nor depression. However, today i saw her for the first time this week and I noticed bruises on her fore arm. She unwillingly explained that she had tried to break her arm in order to not have to go to work anymore for the rest of the summer. She said that she had had a panic attack and in desperation smashed her arm into a metal pole in order to break her arm. She promised to let me know if she felt that way again but I am not sure if she is going to. She also made me promise to not tell anyone about it. How can I help prevent her from harming herself another time? What other things are there that I should be aware of concerning her well being? I hope this is the proper sub for this and I would be very thankful for your advice."" Question: Does the poster suffer from depression?","No, the poster does not suffer from depression.","The post is written from the perspective of someone concerned about their girlfriend's behavior (self-harm to avoid work), not their own mental state. While the girlfriend may be experiencing stress or other mental health issues, the poster themselves does not exhibit symptoms of depression in this context."
"Consider this post: ""Anyone else just tired all the time? All I want to do is fucking sleep. I try to be normal, but when I'm alone, I can't wait to get back in bed. If I get to work early, I nap in my car. Everything is so exhausting."" Question: Does the poster suffer from depression?","Yes, the poster shows symptoms of depression.","The post describes chronic fatigue, lack of energy, and a pervasive sense of exhaustion, which are common symptoms of depression. The poster's inability to engage in normal activities and their preference for sleeping excessively suggest a depressive state rather than mere tiredness."
"Consider this post: ""Does anyone else dread going to bed at night because you're forced to be alone with your thoughts? I drown myself out during the day with reddit, podcasts, audiobooks, music, TV, etc. I make sure there's never a moment of quiet otherwise I start thinking about how much shit sucks. But when I'm laying in bed trying to sleep I'm forced to be alone with myself and actually think about things. It sucks."" Question: Does the poster suffer from depression?","Yes, the poster suffers from depression.","The poster describes a pattern of avoiding quiet moments during the day to prevent negative thoughts, and expresses distress about being alone with their thoughts at night. This avoidance behavior and the overwhelming negative thoughts about life are common symptoms of depression. The tone of hopelessness and the inability to cope with their own thoughts further support this conclusion."
"Consider this post: ""She said yes! I did it, I asked her to be my girlfriend and she said yes!"" Question: Does the poster suffer from depression?","No, the poster does not suffer from depression.","The post expresses joy and excitement about a positive life event (asking someone to be their girlfriend and receiving a positive response). There are no indications of sadness, hopelessness, or other symptoms associated with depression. The tone is celebratory and upbeat."
"Consider this post: ""Law of Attraction is bullshit. Also hard work doesn't pay off. Everything in life is based on chance and luck only. Our society preaches the fiction of hard work paying off because we need most expandable people to work hard, so that the rest can just chill and live off their backs. Also every fucking motivational coach and self-help guide is a fucking scam. Focusing your goals, working hard and putting effort in to achieve them? Yeah, tell that to people with terminal diseases or people living in poverty without the chance to ever get better, people dying of famine or living in war zones. Tell that to the legions of people who didn't make the cut and never will. Yeah, tell them they just ""didn't work hard enough"", ""didn't want it enough"" while you completely ignore how fucking lucky you got to be in the privileged position you are in. This world makes me fucking sick and I get sicker every day."" Question: Does the poster suffer from depression?","Yes, the poster suffers from depression.","The post reflects deep feelings of hopelessness, anger, and disillusionment with life and societal structures. The poster expresses a cynical view of success, luck, and privilege, and generalizes their negative outlook to the world. These intense negative emotions, combined with a sense of despair and frustration, are indicative of depressive symptoms."
"Consider this post: ""Friend Abandonment Issues Hey Reddit. Im having some friend issues. I(M33) have a friend(M34) who I was close with for years who now seems to abandoning me. We met each other 10 years ago. We hit it off and would casually hang out with eachother. He was new to the city so I ushered him into the fold of my friend group.We both had similar tastes and sense of humor. It would work out good and we would have a great time. After a couple years he totally cut off contact with me and those friends. I was confused but didn't mind so much then because I wasn't super close with him. I was confused but not hurt. A couple years after that I reached out to a bunch of people because I needed help moving. I was pretty desperate and couldn't afford movers so I reached out to him as well. To my surprise he responded and came and helped. I was so happy he offered to help and was happy to see him again. After that, we started hanging out again. I asked him what happened and why he broke off contact and he shared with me things about being depressed and hanging out with other people. It felt I little strange but I accepted it and carried on being his friend again. We both moved to a 'big city' through our jobs and work and would meet lots of different people and introduce each other to new friends. We would periodically check in with each other and see how each other are doing, even if we couldn't hang out for weeks on end. We were in a band for a while, threw parties and events. We both went through break ups with our long time partners at different times, and helped each other out in that regard. We basically became 'close friends' and expressed this to each other. Then I introduced him to a group of old friends of mine who recently moved into the city. They all began to hang out with him and it was all good. He even hooked up with one of those friends and have been together for years. I too found a partner I have been with for a a couple years now. Now, over the past couple years he has began to hang out with all of those friends and much less of me. He hardly ever reaches out to catch up or hang out. Months will go by. I try to reach out and stay in touch with him but he does not reciprocate. I had been dealing with this over the past couple years now. I finally called him that I feel a little hurt and that it feels like he doesn't reach out or try to stay in touch- or care for that matter. His response is ""I'm just too busy"" sort of answer. I can also see on social media that he does hang out with other people- mostly the friends I've introduced him to. I feel really hurt by this. I don't understand why he all the sudden doesn't seem to care about me. I don't feel like I have any good friends I can go to anymore. Other close friends have done the same. I have had other friends that I became pretty close with who later I feel like started to treat me like they were 'too cool' to hang out with me anymore. I start to feel less respected and cared about. I'll ask them about things they're doing in their lives and won't be asked the same questions in return. When I do put forward information about things is my life I feel like they're less and less taken seriously or completely indifferent to it. Here's the other thing that confuses me: Some of these friends years later come out of the blue- if I run into them or they start commenting a ton on fb post and act like nothing happened and sometimes they are eager to hang out again. It makes me feel like all the sudden I've done something cool enough, or are hanging out with people they are interested in and want to join in. I don't know whether to ignore them or try to let things go and be friends. My fear is that if I do, we may become close again and they will just do the same thing. Im very confused why this happens. I don't know if I'm doing something to encourage this. When I say 'close friend' I do not mean calling every day or even every week and sharing every aspect of each other lives. Close friend just means some one you can talk to every once in a while, and who checks in to see how the other is doing. Is that asking for too much? I feel envious when I see how my girlfriend has couple good friends she talks to about her life and issues. I think it's healthy to have close friends other than your"" Question: Does the poster suffer from depression?","Yes, the poster suffers from depression.","The post describes feelings of abandonment, loneliness, and confusion about friendships, which are common in depression. The poster expresses hurt, a lack of close friendships, and a sense of being undervalued or ignored by others. These emotions, combined with the recurring theme of social disconnection and self-doubt, strongly suggest depressive symptoms."
"Consider this post: ""My daughter is entitled and ungrateful Last weekend my 21 year old college daughter fell and was taken to the hospital via ambulance. We got a call from the hospital and my wife and I drove 4.5 hours to spend the night with her in the hospital. While there she had to go to the bathroom but called a nurse because she had to use a bed pan. Just before she went she asked us to leave the room and my wife and I refused because we wanted to get a cute photo of her on the bed pan to post to Facebook and compare to a baby photo of her when she first learned how to pee. She got very upset and called the nurse and told her to remove us from the room. This upset us, especially my wife but we tried to keep out composure until she was released from the hospital. We dropped her off at her apartment and my wife spent the 4.5 hour drive home crying because we can't believe how spoiled and selfish our daughter has become."" Question: Does the poster suffer from depression?","No, the poster does not suffer from depression.","The post focuses on the poster's frustration and disappointment with their daughter's behavior, but there are no indications of depressive symptoms such as sadness, hopelessness, or lack of interest in life. The emotions expressed are situational (anger and hurt) rather than pervasive or long-term, which would be more characteristic of depression."
"Consider this post: ""Does anyone else relate to this? Does anyone else relate to [this?](https://m.imgur.com/a/KeSMV) I feel my life is so boring and goes nowhere (and in circles at the same time), just as depicted in the photo."" Question: Does the poster suffer from depression?","Yes, the poster suffers from depression.","The poster expresses feelings of life being boring and going nowhere, which indicates a lack of motivation and enjoyment, common symptoms of depression. The mention of life feeling like it's going in circles suggests a sense of hopelessness and stagnation, further supporting the presence of depressive symptoms."
"Consider this post: ""Father relationship. If you have a better relationship with your father then your mother what do you think that means? Bearing in mind maternal relationships are more common."" Question: Does the poster suffer from depression?","No, the poster does not suffer from depression.","The post is a neutral question about familial relationships, specifically comparing relationships with fathers and mothers. There are no expressions of sadness, hopelessness, or other emotional distress that would indicate depression. The tone is inquisitive rather than emotional."
"Consider this post: ""I'm so tired My mood changes constantly. I cant keep up. My life is a mess. My head is a mess. I'm on my 4th medication and I feel like it's not working. Again. I have all these repressed memories coming up and I hate it. Why is my head so messed up? Why cant something just work for once?"" Question: Does the poster suffer from depression?","Yes, the poster suffers from depression.","The poster describes constant mood changes, a messy life, and a messed-up head, which are indicative of emotional instability and distress. The mention of being on their 4th medication and feeling like it's not working suggests a history of treatment for mental health issues, likely depression. The frustration and hopelessness expressed (e.g., 'Why cant something just work for once?') further support this conclusion."
"Consider this post: ""Are my struggles even legitimate? [rant] I have been wondering that for a long wile, after a friend told me that there life had been worse so I had no right to be the way I am. And yes I have had a better life then a lot but dose that lessen my experience and hardships ? Yes I have a supportive family and yes I have friends that are willing to listen to my bullshit, but dose that really lessen my inner turmoil and trouble with my mind, so I have to be fucking stabbed by my own brother to make it legit ? Yes I know nobody liked school, but did they all make themselves believe it was school or nothing, and when they ended up at a dead and was convinced that there life was over !? Did all kids struggle with basics in school ?! Did every kid end up feeling alone no Mather what he or she did there entire life ?! Did they have to feel so alone and unconnected ?! I know full well that anyone else wold have done a better job in life then me, I know I‚Äôm wasted potential and probably will never live up to the standers my brother set before me, don‚Äôt you think I know that ?! Don‚Äôt you think at eats at me almost every waking moment of my existence?! Am I really that defective that I am just not good enough ?! Just because things are moving forward and good for now doesn‚Äôt make my feelings and inner turmoil go away ! Do you think I wanted/want to be this sad excuse of a human being ?! I can‚Äôt say anything to anyone, I have learnt that I not only feel alone but I am alone, people just end up getting tired of my shit anyway, so I guess I‚Äôll have to go back to bottling everything inside again, maybe when the glass brakes and I cave i will be free, maybe I will find my freedom in death....idk anymore I just don‚Äôt know ....sorry for the long rant and thanks for reading if you did..."" Question: Does the poster suffer from depression?","Yes, the poster suffers from depression.","The post is a lengthy rant filled with expressions of worthlessness, loneliness, and inner turmoil. The poster questions the legitimacy of their struggles, compares themselves negatively to others, and mentions feeling alone and unconnected. The reference to finding freedom in death is a strong indicator of suicidal ideation, which is a severe symptom of depression. The overall tone is one of despair and hopelessness."
"Consider this post: ""Best guy friend is ignoring me, and I don't understand why My best guy friend ""Jake"" (not his real name) have known each other for 14 years. We are now both 19 years old. Of all the friends I currently have, I've been friends with Jake the longest. We first met in kindergarten. I used to be really chubby and shy when I was much younger, so I got picked on a lot. Jake was my only friend back when I was in elementary school and middle school, and he stood up for me a lot back then. In high school, I started to grow out of my childhood awkwardness, lost a significant amount of weight, and managed to find a small group of friends in my school's anime club. Throughout all this, Jake was a very steady, loyal, and supportive friend, and I'm forever grateful to him for that. We ended up getting into different colleges, both around an hour away from our hometown. Even though things got somewhat busy at times, we kept in regular contact and found time to hang out when we were both in our hometown at the same time. Recently, I met a great guy ""Aaron"" (not his real name) in college. We started dating. I wanted him to meet my friends from back home, so I arranged a time to meet for dinner. During our meetup (I invited 3 friends from high school, including Jake), I noticed that Jake was unusually quiet. He didn't say much of anything during our dinner. I thought it was a bit weird because he is normally really talkative (I'm usually the quieter one in our friendship), so I pulled him aside and asked him what's wrong. He said nothing, so I figured nothing was wrong. That meetup was two months ago. About two weeks ago, I reached out to Jake on Facebook to ask him how things are going and to try to catch up on life. He completely ignores all my messages. I tried texting him to ask if he's mad at me. No response. I don't understand. I feel completely blindsided by this because Jake has never gone more than one day without responding to my messages. A mutual friend told me that she always suspected that Jake liked me, but I highly doubt that. He never showed any signs of liking me back when we were in high school, and he had a couple of girlfriends in high school. He's not the shy type, so I highly doubt he would be the type of guy to hide his feelings for so many years."" Question: Does the poster suffer from depression?","No, the poster does not suffer from depression.","The post describes a specific interpersonal issue with a friend (Jake) and the poster's confusion and concern about his behavior. While the poster expresses sadness and frustration about the situation, the focus is on understanding and resolving a particular conflict rather than expressing pervasive feelings of hopelessness, worthlessness, or other depressive symptoms. The tone is more situational and problem-solving than emotionally distressed."
"Consider this post: ""In coming | Friendship 2018 New Sortflim BY | BD Prank Tube | Nahid | Ratul In coming | Friendship 2018 New Sortflim BY | BD Prank Tube | Nahid | Ratul In This video We are Show You: 1:Friendship 2:masti 3:Funny 4:Emotional moment 5:Exprose 6:Bangla video Sortflim Bangladash Injoy this video And Learn About this video...Thanks BD prank Tube 1 More Sortflim Bhokate bondutto:https://www.youtube.com/watch?v=ed9nv... BD Prank Tube 1 Sooting prank video:https://www.youtube.com/watch?v=rutQQ... SUBSCRIBE BD Prank Tube:https://www.youtube.com/channel/UC612... In coming | Friendship 2018 New Sortflim BY | BD Prank Tube | Nahid | Ratul ‡¶≠‡¶ø‡¶°‡¶ø‡¶ì ‡¶ü‡¶ø ‡¶Ü‡¶™‡¶®‡¶æ‡¶∞ ‡¶´‡ßá‡¶∏‡¶¨‡ßÅ‡¶ï‡ßá ‡¶∂‡ßá‡¶Ø‡¶º‡¶æ‡¶∞ ‡¶ï‡¶∞‡ßÅ‡¶® ::https://youtu.be/rS4HnVFgNfM SUBSCRIBE Now"" Question: Does the poster suffer from depression?","No, the poster does not suffer from depression.","The post is promotional content for a YouTube video, focusing on themes like friendship, fun, and emotional moments. There is no indication of emotional distress, sadness, or any symptoms associated with depression. The tone is neutral and promotional rather than personal or emotional."
"Consider this post: ""Group of friends exclude one person and I‚Äôm now stuck I between... So I have a group of about 13 friends, some of us have been friends most of our lives and others have joined over the past 10 years. One friend I‚Äôve always be closest to went though a tough time recently and it was decided by some of the louder group members that she shouldn‚Äôt be part of the group anymore as she wasn‚Äôt making any effort and she was being a drama queen! (She definitely was not and they were all being extremely judgemental without knowing her full story) I totally disagreed with them and confronted them about it. The loud ones argued back and the others stayed quiet and a few then spoke to me privately later and said they agreed with me. There are a few that I will never again consider a friend going forward! My dilemma is that there are still a good few in the group I enjoy spending time with and would like to remain friends with and I am also friends with the excluded friend! I feel that I either have to leave the friendship group or remain in it and stay quiet about how awfully they treated my friend and put up with the nasty few! Either way I feel awful. I don‚Äôt really know the purpose of this post but I don‚Äôt really have any other friends so if I break away from this group I wouldn‚Äôt have any left apart from the other excluded friend. I‚Äôm not sure they really are my friends anymore as they haven‚Äôt been there for me recently so I suspect I‚Äôd be next on the chopping block anyway."" Question: Does the poster suffer from depression?","Yes, the poster shows symptoms of depression.","The poster describes feeling stuck in a difficult social situation, expressing feelings of isolation, guilt, and hopelessness. They mention losing trust in friends, feeling awful about their choices, and fearing further exclusion. These emotions‚Äîloneliness, guilt, and a sense of being trapped‚Äîare common in depressive experiences. The line 'I don‚Äôt really have any other friends' and the overall tone of despair strongly suggest depressive symptoms."
"Consider this post: ""Relationship with my Dad Hey, I post this as I need help on how to deal with the situation on my relationship with my Dad. Don't get me wrong, I do love him- however I am not sure that I like him to the extent that he likes me. By like, I mean as a ""buddy"" relationship, we have similar interests and we talk about these interests a lot, but his personality irritates me and we have gotten in a lot of arguments, of which I never convince him. I am currently in University, I am living on campus (this is the first time living on my own), and I must say: I am absolutely loving it. Having my first time being independent has made me feel much better. Mainly because I am away from home. I have this thing where I just want to be independent, not influenced by other people's views/thoughts (my Dad mainly). A couple of years ago my Mum and Dad broke up, I stayed with my Dad as I did not agree with what my Mum had done. Me and my Dad were always close as we are both into Gaming and watching TV shows etc... but it is only recently that I have realized I dislike him. My Dad can be quick at losing his temper, he lives by the policy of Honesty (which is a good trait), but at the same time- he is completely contradicting. In arguments we get into, I explain my view and so does he, however he turns my view against me and then later apoligises for not understanding, making sure he will listen better in future. This never happens. This has persisted over the years and it makes me feel uneasy talking to him about anything. I then feel guilty about not wanting to talk to him. Which brings me to my next issue. He talks to me daily. Once in morning, some points during the day and then at night. I understand this is his first time living alone too, but I need my space and it is physically and mentally draining having to talk to him. Especially as I feel forced to keep the conversation going. Pretty much the majority of the conversation is me talking about my day, my thoughts on things and anything interesting that happened. He briefly mentions his stuff, but then there is silence. I try to keep the conversation flowing, but it does NOT feel natural at all. It is not like the conversations I have with my friends or other members of the family. Which again, makes me feel guilty when I want to hang up. I really have tried to change my perspective. It is getting close to moving back home (I am a first year student) and will be commuting from my home town to University for the upcoming years at Uni. I am really not looking forward to this. I am enjoying spending time AWAY from home, to avoid my Dad. Now I am going to have to live with him for the next few years. Now I do love him, and he does everything for me. He is trying to pay off my Student loans so I feel comfortable, and I have been saving for my deposit that I will put on a house after my time at Uni. But the issue is, I really want independence. I feel guilty that I want to live in the city where my Uni is and work to pay joint rent with friends. This way I learn the world of work, but that comes with having higher stress as I'd have to work and study. Which is what my dad doesn't agree with. And trying to explain to him that I want to learn the world of work does not compute with him. As rationally speaking, there are many more benefits of me commuting. And I cannot win, I really can't. He wants me to get the best oppotunity I can in life, and make sure that I get my Masters. But, he is deciding and forcing my path for me. I feel restricted and it makes me feel down most days for each time I have to talk to him. It just reminds me of the next 3 years being stuck at home with him, him thinking we have this great relationship where I just prefer literally anything else. Thank you."" Question: Does the poster suffer from depression?","Yes, the poster shows symptoms of depression.","The poster expresses prolonged emotional distress related to their relationship with their father, including feelings of guilt, exhaustion, and a lack of control over their life. They describe feeling 'down most days,' mentally drained, and restricted, which aligns with depressive symptoms like persistent sadness and hopelessness. The desire for independence coupled with the inability to achieve it due to external pressures further exacerbates their emotional struggle."
"Consider this post: ""Should I go to the hospital? [please respond] Minor living with adult sibling right now. Idk whether I should go to the hospital. I‚Äôve had suicidal urges surface recently and I‚Äôm afraid that I‚Äôll succumb to the temptations and kill myself. But the hospital just seems so miserable, and my psychologist told me if I wanted to go I‚Äôd stay until my parents arrived (2 weeks). Also do you get to use your phone and computer in the hospital? Idk what to do. I‚Äôm trying to find reasons to live but am falling short. Help."" Question: Does the poster suffer from depression?","Yes, the poster suffers from depression.","The post explicitly mentions suicidal urges, an inability to find reasons to live, and fear of acting on these urges‚Äîall hallmark symptoms of severe depression. The plea for help and the internal conflict about hospitalization further underscore the severity of their mental state. These are clear indicators of a depressive episode with suicidal ideation."
"Consider this post: ""My mom went to go to a family gathering (I didn't go) and one of my aunt's seems to have forgotten my name. Is it reasonable to be bothered by this? I don't see my dad's side of the family that much after I moved because its a long commute. However we still send out Christmas cards and two of them call from time to time. One of my Aunts was having a retirement party and my mom went to it out of obligation more than out of wanting to. The Aunt who the party was for was welcoming and nice to her but the rest were just talking amongst themselves about politics and other crap. One of my other Aunts who lives outside of the area (compared to us and the others) went up to my mom and said hi to her but when she asked about me she said ""How's your daughter?"". Everyone else who asked about me asked about me by name,so my mom took notice of this and found it odd. She told me about it when she got home and it bothered me. I was the flowergirl in the wedding for this particular Aunt, so I don't see how she could not even remember my name anymore. Is it reasonable to be bothered by this? I used to send them christmas cards (and I signed my name) but they haven't sent anything back in recent years. I don't feel like bothering to even try now. They send us things asking for money for their kids school from time to time but nothing else."" Question: Does the poster suffer from depression?","No, the poster does not suffer from depression.","The post focuses on feeling slighted by a family member forgetting their name and expresses frustration about familial disconnection. While the poster is bothered and disappointed, their emotions are situational and tied to a specific event rather than reflecting pervasive sadness, hopelessness, or other depressive symptoms. The tone is more annoyed than emotionally distressed."
